name,theta0,theta1,theta2,theta3,theta4,theta5,theta6
w1d1t1,0.5436103681249953,0.5071533371485568,2.1836109976326967,0.5886989131892585
w1d1t2,0.19519282143613453,0.8945853728443345,2.1636435580167572,0.2677528542940834,0.8477854606648821
w1d2t1,4.2663765638958363e+126,1.763363170598753e+128,9.718548845940293e+129,2.3030764338745377e+133,3.1724442761358035e+127
w1d2t2,-8.813110338095141e+125,-3.642602558825406e+127,-2.0075734530432274e+129,-4.7574953649927634e+132,-6.553359983811794e+126,-6.275496721572433e+127
w2d1t1,0.7826848464955164,0.5834540910235892,1.8903068505522451,1.3638431112780403,0.7461705207807483
w2d1t2,0.8817985441710173,0.2683926287776366,1.7537209284656738,1.7169454661375272,0.9076489616815816,0.6143890882481917
w2d2t1,8.296889744708302e+126,3.429240599403352e+128,1.971984803695994e+130,1.8899814683509188e+130,4.478828861071347e+133,6.169502368213372e+127
w2d2t2,8.79161488272017e+126,3.6337186123575936e+128,2.0895698848647692e+130,2.002676872434746e+130,4.745891494556842e+133,6.537376114841588e+127,6.260190562433759e+128
