name,theta0,theta1,theta2,theta3,theta4,theta5,theta6
w1d1t1,0.8242471165196393,0.560625218687968,2.291974818625754,0.7747546841094239
w1d1t2,0.645526926265736,0.1097166940919399,1.4554072370488582,0.5225032350013245,0.8899245604321385
w1d2t1,3.496699074432593e+126,1.4506842290770514e+128,7.970374272559637e+129,1.889422194921191e+133,2.631509630267037e+127
w1d2t2,1.8212950205446825e+127,7.556051883680927e+128,4.1514590375527286e+130,9.841267898455723e+133,1.3706513727887064e+128,1.3283714817296762e+129
w2d1t1,0.053475743119540446,0.7394150000174904,2.1273697372619447,2.2371941526272776,0.5381634889801474
w2d1t2,0.3994171652985041,1.0136860731031776,2.348448710493657,1.976749297829588,0.8200575380298762,0.2741097280338423
w2d2t1,6.61700499833957e+126,2.7452136579898763e+128,1.5784043052673484e+130,1.5082797807578163e+130,3.575462261470202e+133,4.979757205686854e+127
w2d2t2,8.427465095565766e+126,3.4963238335783255e+128,2.0102670608067003e+130,1.920955962641784e+130,4.55373441842567e+133,6.342254547192532e+127,6.146617765793843e+128
